MemberID,FirstName,LastName,PhoneNumber,Email,CurRentals
M0001,Michael,Jones,641-931-9686,MichaelJones@gmail.com,0
M0002,John,Rodriguez,510-515-5059,JohnRodriguez@gmail.com,0
M0003,Emily,Garcia,103-913-5977,EmilyGarcia@gmail.com,0
M0004,Katie,Brown,739-419-6448,KatieBrown@gmail.com,0
M0005,John,Brown,559-871-8808,JohnBrown@gmail.com,0
M0006,Katie,Garcia,403-163-2212,KatieGarcia@gmail.com,0
M0007,Michael,Jones,196-234-2261,MichaelJones@gmail.com,1
M0008,John,Williams,111-690-8919,JohnWilliams@gmail.com,0
M0009,Katie,Jones,989-857-1319,KatieJones@gmail.com,0
M0010,John,Martinez,549-522-7421,JohnMartinez@gmail.com,1
M0011,Jane,Williams,865-883-2292,JaneWilliams@gmail.com,0
M0012,Chris,Rodriguez,270-238-9874,ChrisRodriguez@gmail.com,0
M0013,Chris,Miller,931-501-7066,ChrisMiller@gmail.com,0
M0014,Alex,Williams,146-415-7005,AlexWilliams@gmail.com,0
M0015,Alex,Rodriguez,733-200-3918,AlexRodriguez@gmail.com,0
M0016,Michael,Miller,749-866-2714,MichaelMiller@gmail.com,0
M0017,Chris,Garcia,290-703-7291,ChrisGarcia@gmail.com,0
M0018,Emily,Smith,396-168-8395,EmilySmith@gmail.com,0
M0019,Katie,Rodriguez,315-548-1592,KatieRodriguez@gmail.com,0
M0020,Michael,Johnson,173-924-3096,MichaelJohnson@gmail.com,1
M0021,Katie,Jones,618-840-7810,KatieJones@gmail.com,0
M0022,Matthew,Johnson,695-108-5879,MatthewJohnson@gmail.com,0
M0023,Chris,Rodriguez,840-287-2081,ChrisRodriguez@gmail.com,0
M0024,Laura,Miller,971-778-4001,LauraMiller@gmail.com,0
M0025,Emily,Jones,624-559-8691,EmilyJones@gmail.com,0
M0026,Michael,Martinez,178-780-5298,MichaelMartinez@gmail.com,0
M0027,Alex,Davis,724-889-1717,AlexDavis@gmail.com,0
M0028,Jane,Brown,873-176-6811,JaneBrown@gmail.com,0
M0029,Matthew,Smith,223-474-3613,MatthewSmith@gmail.com,0
M0030,Laura,Williams,928-866-4095,LauraWilliams@gmail.com,0
M0031,David,Garcia,572-530-1429,DavidGarcia@gmail.com,1
M0032,Jane,Davis,652-226-7360,JaneDavis@gmail.com,0
M0033,Chris,Brown,274-943-6359,ChrisBrown@gmail.com,0
M0034,Katie,Miller,420-255-5215,KatieMiller@gmail.com,0
M0035,Matthew,Brown,777-728-2138,MatthewBrown@gmail.com,0
M0036,Michael,Davis,396-610-3744,MichaelDavis@gmail.com,0
M0037,Katie,Martinez,318-641-9558,KatieMartinez@gmail.com,0
M0038,Alex,Smith,496-834-6059,AlexSmith@gmail.com,0
M0039,Alex,Brown,733-588-8676,AlexBrown@gmail.com,1
M0040,Matthew,Rodriguez,474-359-4595,MatthewRodriguez@gmail.com,1
M0041,Jane,Martinez,405-671-1905,JaneMartinez@gmail.com,0
M0042,Chris,Rodriguez,262-600-3341,ChrisRodriguez@gmail.com,0
M0043,David,Smith,667-478-6649,DavidSmith@gmail.com,0
M0044,Jane,Williams,860-770-2710,JaneWilliams@gmail.com,0
M0045,Matthew,Davis,925-816-6727,MatthewDavis@gmail.com,0
M0046,Chris,Miller,521-396-7462,ChrisMiller@gmail.com,0
M0047,Emily,Smith,820-179-1057,EmilySmith@gmail.com,0
M0048,Chris,Brown,192-900-8314,ChrisBrown@gmail.com,0
M0049,Michael,Davis,987-165-1290,MichaelDavis@gmail.com,0
M0050,Chris,Rodriguez,412-414-2082,ChrisRodriguez@gmail.com,0
M0051,John,Smith,775-312-3839,JohnSmith@gmail.com,0
M0052,Katie,Brown,401-158-8237,KatieBrown@gmail.com,0
M0053,Emily,Davis,335-108-6716,EmilyDavis@gmail.com,0
M0054,Matthew,Smith,482-294-4265,MatthewSmith@gmail.com,0
M0055,Jane,Miller,687-392-8088,JaneMiller@gmail.com,0
M0056,Jane,Williams,296-312-3515,JaneWilliams@gmail.com,0
M0057,Jane,Miller,784-359-2225,JaneMiller@gmail.com,0
M0058,Katie,Williams,903-421-9599,KatieWilliams@gmail.com,0
M0059,John,Williams,884-673-3015,JohnWilliams@gmail.com,0
M0060,Chris,Miller,338-745-5146,ChrisMiller@gmail.com,0
M0061,Matthew,Martinez,290-863-7804,MatthewMartinez@gmail.com,0
M0062,David,Williams,365-442-2775,DavidWilliams@gmail.com,0
M0063,Chris,Brown,813-655-2487,ChrisBrown@gmail.com,0
M0064,David,Davis,805-281-7871,DavidDavis@gmail.com,0
M0065,Emily,Jones,841-277-8290,EmilyJones@gmail.com,0
M0066,Michael,Garcia,917-590-3915,MichaelGarcia@gmail.com,0
M0067,John,Smith,640-635-6606,JohnSmith@gmail.com,0
M0068,Laura,Brown,742-182-4247,LauraBrown@gmail.com,0
M0069,John,Smith,600-972-9194,JohnSmith@gmail.com,0
M0070,Alex,Brown,144-574-7950,AlexBrown@gmail.com,0
M0071,Alex,Johnson,326-237-3304,AlexJohnson@gmail.com,0
M0072,Jane,Miller,671-351-8060,JaneMiller@gmail.com,1
M0073,Katie,Williams,325-561-3270,KatieWilliams@gmail.com,0
M0074,Katie,Garcia,908-933-7369,KatieGarcia@gmail.com,0
M0075,Emily,Davis,219-223-9523,EmilyDavis@gmail.com,0
M0076,Katie,Miller,182-711-1444,KatieMiller@gmail.com,0
M0077,Alex,Williams,357-897-8557,AlexWilliams@gmail.com,1
M0078,John,Martinez,412-332-4645,JohnMartinez@gmail.com,1
M0079,Alex,Davis,543-335-9517,AlexDavis@gmail.com,0
M0080,Chris,Miller,775-977-8011,ChrisMiller@gmail.com,0
M0081,Laura,Smith,325-630-8110,LauraSmith@gmail.com,0
M0082,Michael,Miller,414-876-1292,MichaelMiller@gmail.com,0
M0083,Katie,Martinez,153-407-1941,KatieMartinez@gmail.com,0
M0084,Laura,Smith,735-512-7847,LauraSmith@gmail.com,0
M0085,David,Garcia,934-583-6270,DavidGarcia@gmail.com,0
M0086,Jane,Miller,302-413-2889,JaneMiller@gmail.com,0
M0087,Katie,Williams,370-892-7666,KatieWilliams@gmail.com,0
M0088,Katie,Brown,709-419-9695,KatieBrown@gmail.com,1
M0089,Alex,Davis,258-339-6575,AlexDavis@gmail.com,0
M0090,Katie,Jones,962-728-8643,KatieJones@gmail.com,0
M0091,Emily,Miller,878-192-3504,EmilyMiller@gmail.com,0
M0092,Michael,Rodriguez,528-290-3279,MichaelRodriguez@gmail.com,0
M0093,Emily,Brown,537-900-7630,EmilyBrown@gmail.com,0
M0094,Katie,Johnson,617-771-6455,KatieJohnson@gmail.com,0
M0095,Jane,Johnson,552-406-7348,JaneJohnson@gmail.com,0
M0096,Laura,Miller,210-644-7843,LauraMiller@gmail.com,0
M0097,John,Garcia,870-585-7914,JohnGarcia@gmail.com,0
M0098,Chris,Johnson,469-566-8118,ChrisJohnson@gmail.com,0
M0099,Chris,Brown,245-266-4297,ChrisBrown@gmail.com,0
M0100,Laura,Williams,998-513-3668,LauraWilliams@gmail.com,0
M0101,Alex,Miller,293-544-2749,AlexMiller@gmail.com,0
M0102,Chris,Jones,810-423-6393,ChrisJones@gmail.com,0
M0103,Katie,Garcia,606-424-5382,KatieGarcia@gmail.com,0
M0104,Michael,Jones,962-169-1142,MichaelJones@gmail.com,0
M0105,Alex,Martinez,675-825-8395,AlexMartinez@gmail.com,0
M0106,Katie,Smith,258-944-2987,KatieSmith@gmail.com,0
M0107,Alex,Johnson,385-902-3002,AlexJohnson@gmail.com,1
M0108,Emily,Jones,489-417-9849,EmilyJones@gmail.com,0
M0109,Jane,Davis,399-137-8952,JaneDavis@gmail.com,0
M0110,Matthew,Garcia,792-735-1434,MatthewGarcia@gmail.com,0
M0111,Alex,Smith,822-465-6957,AlexSmith@gmail.com,0
M0112,Michael,Johnson,863-606-1728,MichaelJohnson@gmail.com,0
M0113,Michael,Jones,367-101-6980,MichaelJones@gmail.com,0
M0114,Emily,Davis,179-611-3482,EmilyDavis@gmail.com,0
M0115,Alex,Brown,833-994-1297,AlexBrown@gmail.com,0
M0116,Laura,Miller,115-283-9538,LauraMiller@gmail.com,0
M0117,Chris,Garcia,778-720-3622,ChrisGarcia@gmail.com,0
M0118,Emily,Miller,217-745-6934,EmilyMiller@gmail.com,0
M0119,Michael,Williams,793-410-2008,MichaelWilliams@gmail.com,0
M0120,Laura,Johnson,781-226-2227,LauraJohnson@gmail.com,0
M0121,Matthew,Brown,531-260-1787,MatthewBrown@gmail.com,0
M0122,Chris,Martinez,185-287-9038,ChrisMartinez@gmail.com,0
M0123,David,Miller,219-896-9359,DavidMiller@gmail.com,0
M0124,Michael,Williams,925-591-5665,MichaelWilliams@gmail.com,0
M0125,David,Smith,971-133-9414,DavidSmith@gmail.com,0
M0126,Matthew,Brown,656-358-6867,MatthewBrown@gmail.com,0
M0127,Laura,Johnson,347-884-6082,LauraJohnson@gmail.com,0
M0128,Matthew,Garcia,236-318-5000,MatthewGarcia@gmail.com,0
M0129,David,Johnson,671-203-6013,DavidJohnson@gmail.com,0
M0130,Michael,Miller,769-363-3375,MichaelMiller@gmail.com,0
M0131,John,Davis,795-221-4031,JohnDavis@gmail.com,0
M0132,Laura,Brown,569-197-7634,LauraBrown@gmail.com,0
M0133,Chris,Martinez,547-975-4913,ChrisMartinez@gmail.com,0
M0134,Katie,Davis,171-695-9746,KatieDavis@gmail.com,0
M0135,Jane,Williams,527-750-3719,JaneWilliams@gmail.com,0
M0136,Emily,Williams,951-769-8572,EmilyWilliams@gmail.com,0
M0137,Katie,Davis,417-577-2730,KatieDavis@gmail.com,0
M0138,Chris,Davis,469-180-6260,ChrisDavis@gmail.com,0
M0139,Jane,Rodriguez,408-949-2461,JaneRodriguez@gmail.com,0
M0140,David,Williams,390-867-2579,DavidWilliams@gmail.com,0
M0141,Chris,Jones,290-487-8967,ChrisJones@gmail.com,0
M0142,David,Davis,864-722-4859,DavidDavis@gmail.com,0
M0143,John,Davis,387-955-1228,JohnDavis@gmail.com,0
M0144,Jane,Rodriguez,657-364-8975,JaneRodriguez@gmail.com,0
M0145,David,Miller,941-751-9329,DavidMiller@gmail.com,0
M0146,David,Miller,549-920-6724,DavidMiller@gmail.com,0
M0147,Laura,Smith,570-921-8275,LauraSmith@gmail.com,0
M0148,David,Rodriguez,836-957-3868,DavidRodriguez@gmail.com,0
M0149,David,Brown,917-485-7190,DavidBrown@gmail.com,0
M0150,Chris,Smith,425-410-5557,ChrisSmith@gmail.com,0
M0151,Jane,Jones,596-756-9060,JaneJones@gmail.com,0
M0152,Alex,Davis,541-161-7896,AlexDavis@gmail.com,0
M0153,Matthew,Davis,901-708-9726,MatthewDavis@gmail.com,0
M0154,Emily,Martinez,388-468-3685,EmilyMartinez@gmail.com,0
M0155,Katie,Garcia,233-360-9245,KatieGarcia@gmail.com,0
M0156,Chris,Brown,978-777-7846,ChrisBrown@gmail.com,0
M0157,Michael,Garcia,757-321-7771,MichaelGarcia@gmail.com,0
M0158,Jane,Garcia,812-530-8542,JaneGarcia@gmail.com,0
M0159,John,Smith,113-657-9875,JohnSmith@gmail.com,0
M0160,Jane,Garcia,491-429-6365,JaneGarcia@gmail.com,0
M0161,John,Jones,681-499-5565,JohnJones@gmail.com,0
M0162,Michael,Garcia,813-903-3360,MichaelGarcia@gmail.com,0
M0163,David,Williams,555-793-3057,DavidWilliams@gmail.com,0
M0164,Chris,Rodriguez,394-873-6157,ChrisRodriguez@gmail.com,0
M0165,David,Garcia,781-556-7252,DavidGarcia@gmail.com,0
M0166,Laura,Williams,883-902-1663,LauraWilliams@gmail.com,0
M0167,Emily,Williams,764-358-5806,EmilyWilliams@gmail.com,0
M0168,John,Garcia,268-476-2127,JohnGarcia@gmail.com,0
M0169,Laura,Williams,446-804-4866,LauraWilliams@gmail.com,0
M0170,Matthew,Jones,430-931-3516,MatthewJones@gmail.com,0
M0171,Michael,Johnson,102-655-7677,MichaelJohnson@gmail.com,0
M0172,Jane,Smith,119-322-7412,JaneSmith@gmail.com,0
M0173,Emily,Williams,531-671-9287,EmilyWilliams@gmail.com,0
M0174,David,Davis,335-855-8006,DavidDavis@gmail.com,0
M0175,Laura,Smith,696-488-1435,LauraSmith@gmail.com,0
M0176,Laura,Jones,175-397-5725,LauraJones@gmail.com,0
M0177,Chris,Jones,440-514-2960,ChrisJones@gmail.com,0
M0178,Emily,Garcia,548-945-5734,EmilyGarcia@gmail.com,0
M0179,John,Brown,798-744-9732,JohnBrown@gmail.com,0
M0180,Emily,Martinez,686-515-7467,EmilyMartinez@gmail.com,0
M0181,Michael,Brown,935-714-6964,MichaelBrown@gmail.com,0
M0182,Laura,Rodriguez,900-193-2834,LauraRodriguez@gmail.com,0
M0183,Chris,Smith,599-190-3890,ChrisSmith@gmail.com,0
M0184,Jane,Jones,787-159-8139,JaneJones@gmail.com,0
M0185,Katie,Davis,139-736-6688,KatieDavis@gmail.com,0
M0186,John,Martinez,288-339-4088,JohnMartinez@gmail.com,0
M0187,Laura,Miller,534-684-1126,LauraMiller@gmail.com,0
M0188,John,Davis,675-730-5293,JohnDavis@gmail.com,0
M0189,David,Johnson,848-417-3878,DavidJohnson@gmail.com,0
M0190,Chris,Davis,402-308-3038,ChrisDavis@gmail.com,0
M0191,Alex,Davis,881-978-7303,AlexDavis@gmail.com,0
M0192,Alex,Johnson,236-225-8602,AlexJohnson@gmail.com,0
M0193,Katie,Martinez,823-649-2831,KatieMartinez@gmail.com,0
M0194,Jane,Davis,607-384-1065,JaneDavis@gmail.com,0
M0195,Chris,Rodriguez,351-160-8703,ChrisRodriguez@gmail.com,0
M0196,Matthew,Jones,704-619-6750,MatthewJones@gmail.com,0
M0197,John,Johnson,183-921-7745,JohnJohnson@gmail.com,0
M0198,Michael,Johnson,157-377-2765,MichaelJohnson@gmail.com,0
M0199,Laura,Johnson,470-946-4623,LauraJohnson@gmail.com,0
M0200,Matthew,Garcia,609-579-4210,MatthewGarcia@gmail.com,0
